PRAGMA foreign_keys=ON;
BEGIN TRANSACTION;
CREATE TABLE CS210(
ID INT PRIMARY KEY NOT NULL,
NAME TEXT NOT NULL,
ROLL_NO INT NOT NULL,
ASS1 FLOAT,
ASS2 FLOAT,
ASS3 FLOAT,
QUIZ FLOAT,
EXAM FLOAT,
TOTAL FLOAT,
PERCENTAGE FLOAT,
GRADE TEXT);
INSERT INTO "CS210" VALUES(1,'Anuj Nagpal',14116,42.0,9.0,40.0,2.0,71.0,164.0,60.74,'A');
INSERT INTO "CS210" VALUES(2,'Abhishek Verma',14026,15.0,19.0,45.0,16.0,64.0,159.0,58.89,'A');
INSERT INTO "CS210" VALUES(3,'Anubhav Shrivastava',14114,14.0,10.0,16.0,20.0,62.0,122.0,45.19,'B');
INSERT INTO "CS210" VALUES(4,'Nikhil Vanjani',14429,26.0,10.0,18.0,19.0,4.0,77.0,28.52,'C');
INSERT INTO "CS210" VALUES(5,'Nishit Asnani',14433,17.0,17.0,24.0,6.0,84.0,148.0,54.81,'B');
INSERT INTO "CS210" VALUES(6,'Pallav Agarwal',14443,32.0,19.0,22.0,10.0,30.0,113.0,41.85,'B');
INSERT INTO "CS210" VALUES(7,'Saksham Sharma',14588,23.0,8.0,4.0,3.0,12.0,50.0,18.52,'C');
INSERT INTO "CS210" VALUES(8,'Vinayak Tantia',14805,28.0,15.0,35.0,6.0,10.0,94.0,34.81,'C');
INSERT INTO "CS210" VALUES(9,'Kunal Chaturvedi',14342,41.0,2.0,4.0,11.0,47.0,105.0,38.89,'B');
INSERT INTO "CS210" VALUES(10,'Nayan Deshmukh',14418,20.0,18.0,8.0,16.0,7.0,69.0,25.56,'C');
INSERT INTO "CS210" VALUES(11,'Abhinav Garg',14013,10.0,2.0,10.0,5.0,61.0,88.0,32.59,'C');
INSERT INTO "CS210" VALUES(12,'Shibhansh Dohare',14644,17.0,33.0,33.0,5.0,33.0,121.0,44.81,'B');
INSERT INTO "CS210" VALUES(13,'Talla Aravind Reddy',14746,40.0,46.0,20.0,4.0,21.0,131.0,48.52,'B');
INSERT INTO "CS210" VALUES(14,'Kshitiz Singhal',14330,25.0,46.0,41.0,12.0,32.0,156.0,57.78,'A');
INSERT INTO "CS210" VALUES(15,'Gurkirat Singh',14258,11.0,33.0,35.0,6.0,77.0,162.0,60.0,'A');
INSERT INTO "CS210" VALUES(16,'Parth Sharma',14449,4.0,35.0,25.0,5.0,53.0,122.0,45.19,'B');
INSERT INTO "CS210" VALUES(17,'Rahul Gupta',14519,48.0,48.0,6.0,14.0,72.0,188.0,69.63,'A');
INSERT INTO "CS210" VALUES(18,'Srishti Jain',14708,30.0,14.0,10.0,10.0,76.0,140.0,51.85,'B');
INSERT INTO "CS210" VALUES(19,'Shivam Taji',14745,2.0,5.0,17.0,2.0,59.0,85.0,31.48,'C');
INSERT INTO "CS210" VALUES(20,'Ankit Gupta',14103,12.0,21.0,45.0,20.0,96.0,194.0,71.85,'A');
CREATE TABLE CS220(
ID INT PRIMARY KEY NOT NULL,
NAME TEXT NOT NULL,
ROLL_NO INT NOT NULL,
ASS1 FLOAT,
ASS2 FLOAT,
ASS3 FLOAT,
QUIZ FLOAT,
EXAM FLOAT,
TOTAL FLOAT,
PERCENTAGE FLOAT,
GRADE TEXT);
INSERT INTO "CS220" VALUES(3,'Anuj Nagpal',14116,25.0,46.0,41.0,12.0,32.0,156.0,57.78,'A');
INSERT INTO "CS220" VALUES(6,'Abhishek Verma',14026,26.0,10.0,18.0,19.0,4.0,77.0,28.52,'C');
INSERT INTO "CS220" VALUES(9,'Anubhav Shrivastava',14114,2.0,5.0,17.0,2.0,59.0,85.0,31.48,'C');
INSERT INTO "CS220" VALUES(12,'Nikhil Vanjani',14429,15.0,19.0,45.0,16.0,64.0,159.0,58.89,'A');
INSERT INTO "CS220" VALUES(15,'Nishit Asnani',14433,17.0,17.0,24.0,6.0,84.0,148.0,54.81,'B');
INSERT INTO "CS220" VALUES(18,'Pallav Agarwal',14443,41.0,2.0,4.0,11.0,47.0,105.0,38.89,'B');
INSERT INTO "CS220" VALUES(21,'Saksham Sharma',14588,48.0,48.0,6.0,14.0,72.0,188.0,69.63,'A');
INSERT INTO "CS220" VALUES(24,'Vinayak Tantia',14805,28.0,15.0,35.0,6.0,10.0,94.0,34.81,'C');
INSERT INTO "CS220" VALUES(27,'Kunal Chaturvedi',14342,32.0,19.0,22.0,10.0,30.0,113.0,41.85,'B');
INSERT INTO "CS220" VALUES(30,'Nayan Deshmukh',14418,20.0,18.0,8.0,16.0,7.0,69.0,25.56,'C');
INSERT INTO "CS220" VALUES(33,'Abhinav Garg',14013,12.0,21.0,45.0,20.0,96.0,194.0,71.85,'A');
INSERT INTO "CS220" VALUES(36,'Shibhansh Dohare',14644,17.0,33.0,33.0,5.0,33.0,121.0,44.81,'B');
INSERT INTO "CS220" VALUES(39,'Talla Aravind Reddy',14746,40.0,46.0,20.0,4.0,21.0,131.0,48.52,'B');
INSERT INTO "CS220" VALUES(42,'Kshitiz Singhal',14330,42.0,9.0,40.0,2.0,71.0,164.0,60.74,'A');
INSERT INTO "CS220" VALUES(45,'Gurkirat Singh',14258,11.0,33.0,35.0,6.0,77.0,162.0,60.0,'A');
INSERT INTO "CS220" VALUES(48,'Parth Sharma',14449,4.0,35.0,25.0,5.0,53.0,122.0,45.19,'B');
INSERT INTO "CS220" VALUES(51,'Rahul Gupta',14519,23.0,8.0,4.0,3.0,12.0,50.0,18.52,'C');
INSERT INTO "CS220" VALUES(54,'Srishti Jain',14708,30.0,14.0,10.0,10.0,76.0,140.0,51.85,'B');
INSERT INTO "CS220" VALUES(57,'Shivam Taji',14745,14.0,10.0,16.0,20.0,62.0,122.0,45.19,'B');
INSERT INTO "CS220" VALUES(60,'Ankit Gupta',14103,10.0,2.0,10.0,5.0,61.0,88.0,32.59,'C');
CREATE TABLE COURSES(
COURSE TEXT PRIMARY KEY NOT NULL,
INSTRUCTOR TEXT NOT NULL,
CREDITS INT,
STUDENTS INT);
INSERT INTO "COURSES" VALUES('CS251','Arnab Bhattacharya',6,20);
INSERT INTO "COURSES" VALUES('CS210','Surendra Baswana',12,20);
INSERT INTO "COURSES" VALUES('CS220','Ajai Jain',12,20);
CREATE TABLE CS251(
ID INT NON NULL,
NAME TEXT NON NULL,
ROLL_NO INT NON NULL,
ASS1 FLOAT,
ASS2 FLOAT,
ASS3 FLOAT,
QUIZ FLOAT,
EXAM FLOAT,
TOTAL FLOAT,
PERCENTAGE FLOAT,
GRADE FLOAT,
PRIMARY KEY (ID));
INSERT INTO "CS251" VALUES(30,'Anuj Nagpal',14116,12.0,21.0,45.0,20.0,96.0,194.0,71.85,'A');
INSERT INTO "CS251" VALUES(19,'Abhishek Verma',14026,2.0,5.0,17.0,2.0,59.0,85.0,31.48,'C');
INSERT INTO "CS251" VALUES(29,'Anubhav Shrivastava',14114,30.0,14.0,10.0,10.0,76.0,140.0,51.85,'B');
INSERT INTO "CS251" VALUES(70,'Nikhil Vanjani',14429,48.0,48.0,6.0,14.0,72.0,188.0,69.63,'A');
INSERT INTO "CS251" VALUES(71,'Nishit Asnani',14433,17.0,17.0,24.0,6.0,84.0,148.0,54.81,'B');
INSERT INTO "CS251" VALUES(73,'Pallav Agarwal',14443,17.0,33.0,33.0,5.0,33.0,121.0,44.81,'B');
INSERT INTO "CS251" VALUES(96,'Saksham Sharma',14588,23.0,8.0,4.0,3.0,12.0,50.0,18.52,'C');
INSERT INTO "CS251" VALUES(108,'Vinayak Tantia',14805,28.0,15.0,35.0,6.0,10.0,94.0,34.81,'C');
INSERT INTO "CS251" VALUES(61,'Kunal Chaturvedi',14342,41.0,2.0,4.0,11.0,47.0,105.0,38.89,'B');
INSERT INTO "CS251" VALUES(69,'Nayan Deshmukh',14418,20.0,18.0,8.0,16.0,7.0,69.0,25.56,'C');
INSERT INTO "CS251" VALUES(17,'Abhinav Garg',14013,40.0,46.0,20.0,4.0,21.0,131.0,48.52,'B');
INSERT INTO "CS251" VALUES(94,'Shibhansh Dohare',14644,32.0,19.0,22.0,10.0,30.0,113.0,41.85,'B');
INSERT INTO "CS251" VALUES(101,'Talla Aravind Reddy',14746,10.0,2.0,10.0,5.0,61.0,88.0,32.59,'C');
INSERT INTO "CS251" VALUES(59,'Kshitiz Singhal',14330,25.0,46.0,41.0,12.0,32.0,156.0,57.78,'A');
INSERT INTO "CS251" VALUES(46,'Gurkirat Singh',14258,11.0,33.0,35.0,6.0,77.0,162.0,60.0,'A');
INSERT INTO "CS251" VALUES(74,'Parth Sharma',14449,26.0,10.0,18.0,19.0,4.0,77.0,28.52,'C');
INSERT INTO "CS251" VALUES(81,'Rahul Gupta',14519,4.0,35.0,25.0,5.0,53.0,122.0,45.19,'B');
INSERT INTO "CS251" VALUES(98,'Srishti Jain',14708,14.0,10.0,16.0,20.0,62.0,122.0,45.19,'B');
INSERT INTO "CS251" VALUES(100,'Shivam Taji',14745,15.0,19.0,45.0,16.0,64.0,159.0,58.89,'A');
INSERT INTO "CS251" VALUES(27,'Ankit Gupta',14103,42.0,9.0,40.0,2.0,71.0,164.0,60.74,'A');
CREATE TABLE STUDENTS(
ROLL_NO INT NOT NULL,
NAME TEXT NOT NULL,
CS251_GRADE TEXT,
CS210_GRADE TEXT,
CS220_GRADE TEXT,
PRIMARY KEY(ROLL_NO),
FOREIGN KEY (ROLL_NO) REFERENCES CS251(ROLL_NO),
FOREIGN KEY (ROLL_NO) REFERENCES CS210(ROLL_NO),
FOREIGN KEY (ROLL_NO) REFERENCES CS220(ROLL_NO));
INSERT INTO "STUDENTS" VALUES(14116,'Anuj Nagpal','A','A','A');
INSERT INTO "STUDENTS" VALUES(14026,'Abhishek Verma','C','A','C');
INSERT INTO "STUDENTS" VALUES(14114,'Anubhav Shrivastava','B','B','C');
INSERT INTO "STUDENTS" VALUES(14429,'Nikhil Vanjani','A','C','A');
INSERT INTO "STUDENTS" VALUES(14433,'Nishit Asnani','B','B','B');
INSERT INTO "STUDENTS" VALUES(14443,'Pallav Agarwal','B','B','B');
INSERT INTO "STUDENTS" VALUES(14588,'Saksham Sharma','C','C','A');
INSERT INTO "STUDENTS" VALUES(14805,'Vinayak Tantia','C','C','C');
INSERT INTO "STUDENTS" VALUES(14342,'Kunal Chaturvedi','B','B','B');
INSERT INTO "STUDENTS" VALUES(14418,'Nayan Deshmukh','C','C','C');
INSERT INTO "STUDENTS" VALUES(14013,'Abhinav Garg','B','C','A');
INSERT INTO "STUDENTS" VALUES(14644,'Shibhansh Dohare','B','B','B');
INSERT INTO "STUDENTS" VALUES(14746,'Talla Aravind Reddy','C','B','B');
INSERT INTO "STUDENTS" VALUES(14330,'Kshitiz Singhal','A','A','A');
INSERT INTO "STUDENTS" VALUES(14258,'Gurkirat Singh','A','A','A');
INSERT INTO "STUDENTS" VALUES(14449,'Parth Sharma','C','B','B');
INSERT INTO "STUDENTS" VALUES(14519,'Rahul Gupta','B','A','C');
INSERT INTO "STUDENTS" VALUES(14708,'Srishti Jain','B','B','B');
INSERT INTO "STUDENTS" VALUES(14745,'Shivam Taji','A','C','B');
INSERT INTO "STUDENTS" VALUES(14103,'Ankit Gupta','A','A','C');
CREATE TABLE AVERAGES(
COURSE TEXT PRIMARY KEY NOT NULL,
ASS1 FLOAT,
ASS2 FLOAT,
ASS3 FLOAT,
QUIZ FLOAT,
EXAM FLOAT,
TOTAL FLOAT);
INSERT INTO "AVERAGES" VALUES('CS251',22.85,20.5,22.9,9.6,48.55,124.4);
INSERT INTO "AVERAGES" VALUES('CS21O',22.85,20.5,22.9,9.6,48.55,124.4);
INSERT INTO "AVERAGES" VALUES('CS22O',22.85,20.5,22.9,9.6,48.55,124.4);
COMMIT;
